Symbol,ETF Name,Asset Class,Total Assets ,YTD,Avg Volume,Previous Closing Price,1-Day Change,Inverse,Leveraged,1 Week,4 Week,1 year,3 year,5 year,YTD FF,1 Week FF,4 Week FF,1 Year FF,3 Year FF,5 Year FF,ETFdb.com Category,Inception,ER,Commission Free,Annual Dividend Rate,Dividend Date,Dividend,Annual Dividend Yield %,P/E Ratio,Beta,# of Holdings,% In Top 10,ST Cap Gain Rate,LT Cap Gain Rate,Tax Form,Lower Bollinger,Upper Bollinger,Support 1,Resistance 1,RSI,Overall Rating,Liquidity Rating,Expenses Rating,Returns Rating,Volatility Rating,Dividend Rating,Concentration Rating,ESG Score,ESG Score Peer Percentile (%),ESG Score Global Percentile (%),Carbon Intensity (Tons of CO2e / $M Sales),SRI Exclusion Criteria (%),Sustainable Impact Solutions (%)
EWJ,iShares MSCI Japan ETF,Equity,"US$15,685,319,537.00 ",6.65%,"12,191,768",US$54.06 ,-0.41%,No,No,0.26%,3.03%,-13.20%,23.28%,28.32%,"(US$360,728,943.00)","(US$47,341,953.00)","(US$316,548,087.00)","(US$3,922,029,204.00)","(US$6,439,028,017.50)","(US$210,528,367.50)",Japan Equities,12/3/1996,0.47%,2 Platforms,US$0.87 ,18/12/2018,US$0.41 ,1.62%,12.21,0.82,447,18.46%,35%,15%,1099,US$52.25 ,US$54.45 ,US$53.89 ,US$54.22 ,55.05,A,A+,B-,B+,A-,B+,B+,5.64,66.62%,53.64%,122.86,10.42%,9.40%
EWY,iShares MSCI South Korea ETF,Equity,"US$4,985,363,000.00 ",8.80%,"4,389,118",US$64.04 ,-1.05%,No,No,0.91%,9.25%,-15.86%,41.70%,18.74%,"US$396,182,159.50 ","US$37,921,987.00 ","US$288,683,688.00 ","US$1,211,973,886.00 ","US$1,017,454,267.00 ","US$874,635,267.00 ",Asia Pacific Equities,12/5/2000,0.59%,N/A,US$0.79 ,18/12/2018,US$0.79 ,1.23%,8.44,0.89,119,46.79%,35%,15%,1099,US$57.09 ,US$65.17 ,US$63.86 ,US$64.17 ,60.98,C+,A,C+,C,B-,C,B+,4.26,11.75%,13.17%,196.75,5.90%,3.59%
FNDF,Schwab Fundamental International Large Company Index ETF,Equity,"US$4,003,369,474.00 ",6.98%,"1,080,861",US$26.98 ,-0.22%,No,No,0.48%,4.37%,-12.69%,29.47%,13.93%,"US$46,859,412.00 ",US$0.00 ,"US$26,668,380.00 ","US$846,374,768.00 ","US$3,066,599,701.06 ","US$3,965,245,547.97 ",Foreign Large Cap Equities,15/8/2013,0.25%,Charles Schwab,US$0.87 ,12/12/2018,US$0.87 ,3.23%,13.29,0.93,856,13.87%,35%,15%,1099,US$25.83 ,US$27.18 ,US$26.93 ,US$27.05 ,58.88,B+,A-,A-,N/A,B-,B,N/A,6.49,61.92%,81.43%,235.22,12.77%,5.29%
VPL,Vanguard FTSE Pacific ETF,Equity,"US$4,002,832,266.00 ",6.80%,"494,921",US$64.75 ,-0.54%,No,No,0.33%,4.25%,-12.83%,31.94%,29.33%,"US$402,387.92 ",US$0.00 ,"US$367,548.44 ","(US$786,737,401.66)","US$381,117,079.55 ","US$1,050,322,622.41 ",Asia Pacific Equities,10/3/2005,0.10%,Vanguard,US$1.86 ,24/12/2018,US$0.97 ,2.85%,11.7,0.88,1008,13.92%,35%,15%,1099,US$61.81 ,US$65.32 ,US$64.62 ,US$64.89 ,57.47,A+,A-,A+,A,B+,A-,A+,5.63,67.91%,53.26%,179.42,8.95%,7.19%
BBJP,JPMorgan BetaBuilders Japan ETF,Equity,"US$3,886,563,023.00 ",6.20%,"1,622,163",US$22.43 ,-0.36%,No,No,0.36%,3.03%,N/A,N/A,N/A,"US$429,077,968.00 ",US$0.00 ,"US$369,667,496.00 ","US$3,992,386,636.00 ","US$3,992,386,636.00 ","US$3,992,386,636.00 ",Japan Equities,15/6/2018,0.19%,N/A,US$0.14 ,24/12/2018,US$0.14 ,0.61%,12.51,0.75,383,17.90%,39%,20%,1099,US$21.67 ,US$22.59 ,US$22.36 ,US$22.50 ,55.1,N/A,N/A,N/A,N/A,N/A,N/A,N/A,5.58,58.87%,51.62%,125.73,9.83%,9.67%
DXJ,WisdomTree Japan Hedged Equity Fund,Equity,"US$3,485,435,049.00 ",7.65%,"2,366,690",US$49.94 ,-0.12%,No,No,-0.16%,5.23%,-15.83%,12.90%,30.38%,"(US$393,479,307.50)","(US$32,356,094.50)","(US$393,479,307.50)","(US$3,921,198,848.00)","(US$9,517,549,536.00)","(US$7,983,589,521.00)",Japan Equities,16/6/2006,0.48%,E*TRADE,US$1.35 ,24/12/2018,US$0.26 ,2.74%,11.38,1.08,277,32.84%,35%,15%,1099,US$47.22 ,US$50.66 ,US$49.77 ,US$50.11 ,53.26,A-,A,B-,A,B-,A-,B,5.33,31.15%,42.89%,129.38,10.03%,6.83%
EWT,iShares MSCI Taiwan ETF,Equity,"US$3,381,308,754.00 ",4.43%,"6,588,281",US$33.02 ,-0.81%,No,No,0.55%,6.90%,-11.60%,45.45%,38.99%,"(US$9,326,796.00)",US$0.00 ,US$0.00 ,"(US$45,499,137.00)","US$542,433,419.00 ","US$423,433,419.00 ",Asia Pacific Equities,20/6/2000,0.59%,N/A,US$1.00 ,18/12/2018,US$1.00 ,3.07%,12.41,0.84,91,46.20%,35%,15%,1099,US$30.74 ,US$33.25 ,US$32.90 ,US$33.15 ,56.93,A-,A+,B-,A-,A-,B-,B+,5.39,100.00%,44.73%,253.99,0.00%,3.99%
EWH,iShares MSCI Hong Kong ETF,Equity,"US$2,695,026,766.00 ",8.15%,"5,095,968",US$24.41 ,-1.29%,No,No,0.21%,7.06%,-4.88%,50.57%,50.12%,"US$127,406,640.00 ","US$94,303,003.50 ","US$110,367,652.50 ","US$516,006,043.50 ","US$214,795,919.25 ","US$408,106,169.25 ",Asia Pacific Equities,12/3/1996,0.48%,N/A,US$0.66 ,18/12/2018,US$0.27 ,2.74%,9.47,0.86,60,59.10%,35%,15%,1099,US$22.74 ,US$24.81 ,US$24.35 ,US$24.49 ,61.72,A,A,A+,B-,A,A-,C+,5.35,99.17%,43.22%,394.71,11.19%,7.19%
EPP,iShares MSCI Pacific ex Japan ETF,Equity,"US$2,184,933,908.00 ",7.22%,"526,655",US$43.64 ,-0.59%,No,No,0.16%,5.49%,-7.89%,40.28%,23.49%,"(US$22,655,772.00)","US$51,882,366.00 ","US$1,852,218.00 ","(US$900,759,033.00)","(US$90,593,283.00)","(US$705,563,283.00)",Asia Pacific Equities,25/10/2001,0.48%,N/A,US$2.04 ,18/12/2018,US$1.17 ,4.69%,12.45,0.93,176,35.72%,35%,15%,1099,US$41.40 ,US$44.24 ,US$43.53 ,US$43.79 ,59.95,A,A,A-,B+,B,B+,A-,6.4,92.81%,78.96%,310.22,11.59%,6.84%
FNDC,Schwab Fundamental International Small Company Index ETF,Equity,"US$1,797,716,606.00 ",7.90%,"426,710",US$30.59 ,-0.16%,No,No,0.63%,5.19%,-16.64%,30.29%,26.28%,US$0.00 ,US$0.00 ,US$0.00 ,"US$298,746,162.00 ","US$1,391,496,883.38 ","US$1,785,283,446.97 ",Foreign Small & Mid Cap Equities,15/8/2013,0.39%,Charles Schwab,US$0.76 ,12/12/2018,US$0.76 ,2.48%,15.6,0.79,1466,4.16%,35%,15%,1099,US$29.13 ,US$30.80 ,US$30.53 ,US$30.64 ,59.01,N/A,N/A,B+,N/A,N/A,N/A,N/A,5.56,62.39%,50.85%,189.53,5.04%,5.00%
DLS,WisdomTree International SmallCap Dividend,Equity,"US$1,649,649,419.00 ",7.11%,"190,321",US$64.61 ,-0.37%,No,No,0.29%,5.02%,-17.42%,29.48%,22.35%,"(US$12,049,630.00)",US$0.00 ,US$0.00 ,"US$44,288,984.50 ","US$517,519,042.00 ","US$835,506,176.00 ",Foreign Small & Mid Cap Equities,16/6/2006,0.58%,E*TRADE,US$2.21 ,24/12/2018,US$0.45 ,3.44%,14.08,0.82,875,5.74%,35%,15%,1099,US$61.75 ,US$65.24 ,US$64.46 ,US$64.78 ,58.64,A-,A-,B-,A+,B,A-,B+,5.52,6.48%,49.56%,179.81,3.70%,2.86%
JPIN,JPMorgan Diversified Return International Equity ETF,Equity,"US$1,504,778,396.00 ",7.21%,"337,347",US$54.56 ,-0.18%,No,No,0.48%,5.19%,-10.23%,22.65%,N/A,"US$63,913,488.00 ",US$0.00 ,"US$63,913,488.00 ","US$277,906,318.00 ","US$1,351,149,689.00 ","US$1,483,533,439.00 ",Foreign Large Cap Equities,5/11/2014,0.38%,N/A,US$1.39 ,24/12/2018,US$0.36 ,2.54%,12.87,0.73,431,4.42%,39%,20%,1099,US$51.75 ,US$55.05 ,US$54.42 ,US$54.69 ,60.44,B+,B+,B+,A-,B,B,B+,6.27,42.75%,75.34%,375.68,12.11%,9.21%
PXF,Invesco FTSE RAFI Developed Markets ex-U.S. ETF,Equity,"US$1,441,269,042.00 ",7.04%,"464,953",US$40.16 ,-0.22%,No,No,0.73%,4.58%,-13.64%,29.44%,11.81%,"US$24,293,860.50 ",US$0.00 ,US$0.00 ,"US$376,414,304.00 ","US$605,804,021.00 ","US$766,314,236.00 ",Foreign Large Cap Equities,25/6/2007,0.45%,N/A,US$1.27 ,24/12/2018,US$0.31 ,3.15%,12.65,0.86,1017,12.63%,35%,15%,1099,US$38.31 ,US$40.43 ,US$40.07 ,US$40.27 ,58.86,A,A-,B,A,A-,A-,A,6.45,59.07%,80.43%,219.01,11.71%,5.10%
GSIE,Goldman Sachs ActiveBeta International Equity ETF,Equity,"US$1,231,638,039.00 ",7.65%,"399,771",US$27.30 ,0.11%,No,No,0.92%,5.20%,-11.05%,25.32%,N/A,"US$113,221,467.00 ","US$40,400,595.00 ","US$100,510,407.00 ","US$538,156,601.00 ","US$1,182,765,410.00 ","US$1,220,002,276.00 ",Foreign Large Cap Equities,6/11/2015,0.25%,N/A,US$0.73 ,24/12/2018,US$0.20 ,2.69%,14.41,0.77,823,7.66%,39%,20%,1099,US$25.99 ,US$27.40 ,US$27.23 ,US$27.37 ,60.21,B,B+,A-,N/A,N/A,C,A-,6.42,55.31%,79.55%,161.6,9.80%,6.67%
BBAX,JPMorgan BetaBuilders Developed Asia ex-Japan ETF,Equity,"US$1,148,374,150.00 ",6.17%,"433,089",US$24.16 ,-0.58%,No,No,-0.08%,5.00%,N/A,N/A,N/A,"US$64,269,884.00 ",US$0.00 ,"US$28,350,588.00 ","US$1,144,978,168.00 ","US$1,144,978,168.00 ","US$1,144,978,168.00 ",Asia Pacific Equities,7/8/2018,0.19%,N/A,US$0.31 ,24/12/2018,US$0.14 ,1.27%,13.93,0.74,169,35.87%,39%,20%,1099,US$23.10 ,US$24.55 ,US$24.12 ,US$24.25 ,58.11,N/A,N/A,N/A,N/A,N/A,N/A,N/A,6.39,92.57%,78.84%,338.35,11.53%,7.17%
EWA,iShares MSCI-Australia ETF,Equity,"US$1,145,844,475.00 ",6.81%,"2,755,686",US$20.56 ,-0.15%,No,No,0.15%,4.74%,-8.85%,34.48%,13.65%,"(US$12,625,182.00)",US$0.00 ,"(US$24,176,244.00)","(US$426,839,058.00)","(US$315,113,846.00)","(US$419,687,846.00)",Asia Pacific Equities,18/3/1996,0.47%,TD Ameritrade,US$1.18 ,18/12/2018,US$0.74 ,5.75%,14.86,0.96,83,53.52%,35%,15%,1099,US$19.64 ,US$20.82 ,US$20.50 ,US$20.63 ,58.14,B+,A,B+,B,C+,A-,B,6.9,96.27%,90.84%,310.9,13.49%,6.22%
FDT,First Trust Developed Markets ex-US AlphaDEX Fund,Equity,"US$1,006,732,618.00 ",9.24%,"232,169",US$53.55 ,-0.48%,No,No,0.45%,6.78%,-17.63%,28.94%,18.59%,"(US$22,258,524.50)","US$5,371,107.00 ","(US$12,410,086.50)","US$249,071,157.00 ","US$932,504,410.00 ","US$1,017,660,559.50 ",Foreign Large Cap Equities,19/4/2011,0.80%,N/A,US$1.04 ,18/12/2018,US$0.25 ,1.95%,9.62,0.88,298,6.83%,35%,15%,1099,US$50.17 ,US$54.27 ,US$53.41 ,US$53.73 ,60.1,B,B+,C,A,B+,B-,B+,5.44,49.54%,46.53%,347.17,5.75%,6.09%
IPAC,iShares Core MSCI Pacific ETF,Equity,"US$944,061,475.00 ",6.91%,"130,285",US$54.12 ,-0.46%,No,No,0.35%,3.80%,-11.31%,31.83%,N/A,"US$52,037,178.00 ",US$0.00 ,"US$21,201,708.00 ","US$145,990,380.00 ","US$191,729,818.00 ","US$832,573,818.00 ",Asia Pacific Equities,10/6/2014,0.10%,N/A,US$1.49 ,18/12/2018,US$0.78 ,2.75%,12.57,0.81,880,13.33%,35%,15%,1099,US$51.97 ,US$54.54 ,US$54.01 ,US$54.23 ,57.24,N/A,N/A,A,N/A,N/A,N/A,N/A,5.76,75.37%,58.10%,184.85,9.60%,8.18%
GWX,SPDR S&P International Small Cap ETF,Equity,"US$851,962,282.00 ",6.63%,"304,579",US$29.77 ,-0.27%,No,No,0.51%,4.20%,-17.78%,22.27%,14.76%,"US$36,274,787.00 ",US$0.00 ,US$0.00 ,"US$40,823,939.00 ","US$129,866,938.00 ","US$80,798,935.00 ",Small Cap Blend Equities,26/4/2007,0.40%,N/A,US$0.82 ,24/12/2018,US$0.74 ,2.74%,12.88,0.88,1920,8.00%,35%,15%,1099,US$28.48 ,US$29.96 ,US$29.70 ,US$29.85 ,57.02,A-,A,A,B,B+,B,B+,N/A,N/A,N/A,N/A,N/A,N/A
DWM,WisdomTree DEFA,Equity,"US$840,732,882.00 ",6.27%,"142,006",US$49.52 ,0.10%,No,No,0.98%,3.64%,-12.61%,23.37%,14.76%,"(US$508,385.00)","(US$12,307,065.00)","(US$508,385.00)","US$39,973,667.50 ","US$189,141,623.50 ","US$349,402,400.00 ",Foreign Large Cap Equities,16/6/2006,0.48%,E*TRADE,US$1.80 ,24/12/2018,US$0.33 ,3.66%,13.71,0.82,754,15.95%,35%,15%,1099,US$47.59 ,US$49.68 ,US$49.41 ,US$49.63 ,59.35,A-,B+,B-,B,A,A-,A-,6.58,71.37%,83.72%,203.96,12.85%,5.36%
DFJ,WisdomTree Japan SmallCap Dividend,Equity,"US$762,657,893.00 ",5.29%,"125,913",US$67.80 ,-0.32%,No,No,0.01%,1.68%,-18.51%,31.99%,47.46%,"(US$6,781,742.00)",US$0.00 ,"(US$6,781,742.00)","US$83,343,305.50 ","US$381,226,807.50 ","US$452,416,648.00 ",Japan Equities,16/6/2006,0.58%,E*TRADE,US$1.22 ,24/12/2018,US$0.58 ,1.82%,13.84,0.68,760,6.33%,35%,15%,1099,US$66.12 ,US$68.32 ,US$67.63 ,US$67.94 ,52.37,B,A-,C,C,A,B,A,4.6,1.68%,20.60%,128.12,3.64%,2.06%
HEWJ,iShares Currency Hedged MSCI Japan ETF,Equity,"US$709,858,421.00 ",6.55%,"1,000,245",US$29.93 ,0.07%,No,No,0.30%,4.32%,-11.43%,14.49%,N/A,"(US$115,559,248.50)","(US$29,649,914.00)","(US$112,773,630.00)","(US$344,716,863.50)","(US$237,686,882.50)","US$632,316,617.50 ",Japan Equities,31/1/2014,0.48%,N/A,US$0.39 ,28/12/2018,US$0.12 ,1.29%,12.6,0.99,2,100.00%,35%,15%,1099,US$28.54 ,US$30.21 ,US$29.85 ,US$30.01 ,53.04,B,A,C+,N/A,B-,B+,N/A,N/A,N/A,N/A,N/A,N/A,N/A
DBJP,Xtrackers MSCI Japan Currency-Hedged Equity Fund,Equity,"US$623,050,274.00 ",6.58%,"423,237",US$38.69 ,0.13%,No,No,0.31%,4.26%,-11.49%,14.22%,35.10%,"(US$30,638,472.00)",US$0.00 ,"(US$30,638,472.00)","(US$865,405,514.00)","(US$986,959,677.00)","US$97,696,446.00 ",Japan Equities,9/6/2011,0.46%,E*TRADE,US$1.40 ,19/12/2018,US$0.40 ,3.67%,12.59,1.01,282,20.95%,35%,15%,1099,US$36.90 ,US$39.04 ,US$38.59 ,US$38.78 ,53.22,A+,A,B+,A+,B-,A,B+,5.65,68.26%,53.84%,122.11,9.85%,8.90%
EWS,iShares MSCI Singapore ETF,Equity,"US$530,489,808.00 ",6.02%,"592,685",US$23.43 ,-0.55%,No,No,-0.42%,4.64%,-11.67%,39.64%,15.32%,US$0.00 ,US$0.00 ,US$0.00 ,"(US$84,748,449.50)","(US$44,149,523.00)","(US$390,276,711.00)",Asia Pacific Equities,12/3/1996,0.47%,N/A,US$0.93 ,18/12/2018,US$0.44 ,3.99%,13.14,0.86,31,69.13%,35%,15%,1099,US$22.59 ,US$23.99 ,US$23.37 ,US$23.48 ,57.08,B+,A,B+,C+,A,A-,C+,6.48,94.78%,81.10%,145.51,6.11%,7.51%
JHMD,John Hancock Multifactor Developed International ETF,Equity,"US$472,834,240.00 ",6.82%,"269,294",US$27.26 ,-0.11%,No,No,-0.04%,4.25%,-13.52%,N/A,N/A,"US$5,429,836.00 ","US$5,429,836.00 ","US$5,429,836.00 ","US$407,267,764.00 ","US$444,223,467.00 ","US$444,223,467.00 ",Foreign Large Cap Equities,15/12/2016,0.45%,N/A,US$0.53 ,24/12/2018,US$0.06 ,1.95%,13.74,0.7,648,9.16%,39%,20%,1099,US$26.13 ,US$27.57 ,US$27.21 ,US$27.34 ,58.22,N/A,N/A,N/A,N/A,N/A,N/A,N/A,6.61,77.33%,84.43%,207.54,13.36%,7.07%
DOL,WisdomTree International LargeCap Dividend,Equity,"US$392,082,805.00 ",6.44%,"48,029",US$45.26 ,0.04%,No,No,1.21%,3.83%,-11.79%,22.35%,10.53%,US$0.00 ,US$0.00 ,US$0.00 ,"US$7,474,606.50 ","US$3,368,769.50 ","US$150,376,882.50 ",Foreign Large Cap Equities,16/6/2006,0.48%,E*TRADE,US$1.71 ,24/12/2018,US$0.30 ,3.81%,13.34,0.81,241,20.34%,35%,15%,1099,US$43.46 ,US$45.34 ,US$45.17 ,US$45.37 ,59.72,B+,B+,B-,B-,B+,A,B+,6.7,84.07%,87.27%,164.22,15.86%,4.32%
HFXI,IQ 50 Percent Hedged FTSE International ETF,Equity,"US$363,206,543.00 ",6.60%,"162,413",US$19.37 ,-0.31%,No,No,0.68%,4.65%,-9.97%,23.61%,N/A,"(US$5,509,686.00)",US$0.00 ,"(US$5,509,686.00)","(US$48,736,570.71)","US$331,004,852.79 ","US$367,613,479.79 ",Foreign Large Cap Equities,22/7/2015,0.20%,N/A,US$0.79 ,27/12/2018,US$0.31 ,4.05%,14.2,0.82,789,11.52%,35%,15%,1099,US$18.51 ,US$19.49 ,N/A,N/A,57.05,N/A,B,A-,N/A,N/A,C,N/A,6.53,66.32%,82.39%,165.57,11.81%,7.00%
RFDI,First Trust RiverFront Dynamic Developed International ETF,Equity,"US$350,347,458.00 ",8.60%,"89,302",US$55.64 ,-0.09%,No,No,1.11%,6.35%,-16.49%,N/A,N/A,"(US$10,257,450.00)",US$0.00 ,US$0.00 ,"(US$95,645,333.00)","US$369,049,817.50 ","US$369,049,817.50 ",Foreign Large Cap Equities,13/4/2016,0.83%,N/A,US$1.33 ,18/12/2018,US$0.24 ,2.39%,12.39,0.8,240,14.89%,39%,20%,1099,US$52.39 ,US$56.04 ,N/A,N/A,60.5,N/A,N/A,C,N/A,N/A,N/A,N/A,6.27,41.71%,75.09%,229.23,10.91%,5.47%
PDN,Invesco FTSE RAFI Developed Markets ex-U.S. Small-Mid ETF,Equity,"US$348,732,716.00 ",7.15%,"231,060",US$29.53 ,-0.30%,No,No,0.14%,4.53%,-16.76%,28.03%,22.05%,"US$1,085,501.00 ",US$0.00 ,"(US$7,210,630.00)","US$139,790,400.00 ","US$184,262,323.00 ","US$227,491,658.50 ",Foreign Small & Mid Cap Equities,27/9/2007,0.49%,N/A,US$0.61 ,24/12/2018,US$0.12 ,2.06%,17.34,0.81,1481,2.07%,35%,15%,1099,US$28.18 ,US$29.74 ,US$29.44 ,US$29.65 ,56.72,B,B+,B,B+,B+,B-,A,5.36,40.37%,43.57%,219.5,5.00%,4.99%
IVLU,iShares Edge MSCI Intl Value Factor ETF,Equity,"US$303,309,410.00 ",7.36%,"115,837",US$23.48 ,-0.63%,No,No,0.13%,4.17%,-13.82%,24.73%,N/A,US$0.00 ,US$0.00 ,US$0.00 ,"US$179,196,294.00 ","US$284,818,294.00 ","US$308,448,294.00 ",Foreign Large Cap Equities,16/6/2015,0.30%,N/A,US$0.62 ,18/12/2018,US$0.29 ,2.61%,9.02,0.88,385,18.10%,39%,20%,1099,US$22.48 ,US$23.73 ,US$23.42 ,US$23.54 ,57.4,B+,B,A-,N/A,N/A,C+,A,5.8,13.08%,59.30%,208.72,13.68%,5.10%
UIVM,USAA MSCI International Value Momentum Blend Index ETF,Equity,"US$299,354,338.00 ",8.08%,"13,279",US$44.81 ,-0.29%,No,No,0.25%,5.61%,-16.08%,N/A,N/A,US$0.00 ,US$0.00 ,US$0.00 ,"US$191,615,889.00 ","US$331,808,232.00 ","US$331,808,232.00 ",Foreign Large Cap Equities,24/10/2017,0.35%,N/A,US$1.15 ,17/12/2018,US$0.08 ,2.59%,10.51,0.73,308,8.83%,39%,20%,1099,US$42.44 ,US$45.34 ,US$44.78 ,US$44.85 ,59.34,N/A,N/A,N/A,N/A,N/A,N/A,N/A,6.06,25.78%,68.48%,262.66,11.99%,7.59%
FLJP,Franklin FTSE Japan ETF,Equity,"US$272,173,426.00 ",6.40%,"63,373",US$23.94 ,-0.37%,No,No,0.46%,3.10%,-13.10%,N/A,N/A,US$0.00 ,US$0.00 ,US$0.00 ,"US$203,185,080.00 ","US$288,494,970.00 ","US$288,494,970.00 ",Japan Equities,2/11/2017,0.09%,N/A,US$0.34 ,20/12/2018,US$0.24 ,1.43%,13.98,1.86,514,17.51%,39%,20%,1099,US$23.14 ,US$24.11 ,US$23.88 ,US$23.98 ,55.12,N/A,N/A,N/A,N/A,N/A,N/A,N/A,5.58,58.42%,51.48%,128.1,9.92%,8.89%
IDOG,ALPS International Sector Dividend Dogs ETF,Equity,"US$268,793,886.00 ",8.69%,"92,534",US$25.89 ,-0.04%,No,No,1.65%,6.63%,-9.62%,29.35%,12.47%,"(US$11,829,311.00)",US$0.00 ,US$0.00 ,"(US$40,874,644.50)","US$135,426,382.50 ","US$202,944,153.54 ",Foreign Large Cap Equities,27/6/2013,0.50%,Charles Schwab,US$1.07 ,20/12/2018,US$0.16 ,4.15%,12.56,0.79,51,21.96%,35%,15%,1099,US$24.23 ,US$26.02 ,N/A,N/A,64.27,B+,B+,B,N/A,B+,A,C+,6.57,70.73%,83.47%,292.22,17.62%,5.11%
DTH,WisdomTree DEFA Equity Income Fund,Equity,"US$259,480,293.00 ",6.44%,"41,368",US$39.50 ,-0.03%,No,No,0.97%,4.00%,-11.66%,24.14%,8.45%,"(US$9,315,250.50)",US$0.00 ,"(US$1,929,956.50)","(US$43,697,393.00)","(US$14,314,687.50)","US$37,675,908.50 ",Foreign Large Cap Equities,16/6/2006,0.58%,E*TRADE,US$1.71 ,24/12/2018,US$0.32 ,4.36%,12.88,0.81,462,21.36%,35%,15%,1099,US$37.86 ,US$39.66 ,N/A,N/A,60.24,B+,B+,C+,B,B-,A,A-,6.55,68.39%,82.91%,249.61,14.46%,3.86%
DIM,WisdomTree International MidCap Dividend,Equity,"US$244,570,628.00 ",7.56%,"28,795",US$61.04 ,-0.16%,No,No,0.46%,5.33%,-13.61%,27.27%,23.87%,"(US$11,320,394.00)",US$0.00 ,US$0.00 ,"US$6,787,937.50 ","US$84,703,731.00 ","US$109,051,046.50 ",Global Equities,16/6/2006,0.58%,E*TRADE,US$1.86 ,24/12/2018,US$0.36 ,3.06%,14.34,0.84,606,6.54%,35%,15%,1099,US$57.96 ,US$61.75 ,US$60.95 ,US$61.19 ,60.25,B-,B+,C+,A-,B,C+,B,6.22,37.82%,73.62%,322.87,7.30%,8.68%
DOO,WisdomTree International Dividend ex-Financials Fund,Equity,"US$177,563,315.00 ",6.31%,"22,092",US$40.29 ,0.00%,No,No,1.64%,4.46%,-8.45%,22.33%,7.71%,"US$7,858,668.00 ",US$0.00 ,"US$7,858,668.00 ","(US$13,071,468.50)","(US$64,010,118.50)","(US$105,367,210.00)",Foreign Large Cap Equities,16/6/2006,0.58%,E*TRADE,US$1.59 ,24/12/2018,US$0.29 ,3.99%,13.95,0.73,89,18.90%,35%,15%,1099,US$38.39 ,US$40.32 ,N/A,N/A,61.28,B-,B+,C+,C+,A-,A,C+,6.79,88.86%,88.88%,350.27,20.14%,5.16%
SCJ,iShares MSCI Japan Small Cap ETF,Equity,"US$144,764,480.00 ",6.06%,"114,748",US$69.18 ,-0.27%,No,No,0.52%,2.63%,-16.70%,30.26%,43.58%,"(US$89,316,425.00)","(US$75,751,357.00)","(US$89,316,425.00)","(US$168,042,035.00)","(US$10,202,366.00)","US$61,170,634.00 ",Japan Equities,20/12/2007,0.47%,N/A,US$0.94 ,18/12/2018,US$0.53 ,1.38%,14.27,0.67,967,5.76%,35%,15%,1099,US$66.81 ,US$69.50 ,US$69.02 ,US$69.33 ,54.34,A,A-,B-,B-,A,A-,A+,4.33,2.09%,14.61%,117.1,2.98%,3.42%
ENZL,iShares MSCI New Zealand ETF,Equity,"US$140,695,625.00 ",5.11%,"34,331",US$48.37 ,-0.47%,No,No,-1.35%,4.13%,0.88%,55.28%,58.92%,"(US$6,881,748.00)",US$0.00 ,US$0.00 ,"US$963,873.50 ","US$51,984,203.50 ","(US$13,505,296.50)",Asia Pacific Equities,1/9/2010,0.47%,N/A,US$1.65 ,18/12/2018,US$0.83 ,3.40%,17.6,0.93,31,65.93%,35%,15%,1099,US$46.35 ,US$49.29 ,US$48.27 ,US$48.49 ,56.75,A,A-,A-,A,B+,A-,C+,6.96,97.01%,91.82%,160.24,3.43%,8.16%
IDLB,Invesco FTSE International Low Beta Equal Weight ETF,Equity,"US$132,142,779.00 ",6.51%,"17,372",US$27.51 ,0.15%,No,No,0.53%,4.13%,-10.67%,26.60%,N/A,"US$1,342,268.00 ",US$0.00 ,"US$1,342,268.00 ","US$16,980,805.50 ","(US$15,866,025.50)","US$112,076,860.00 ",Foreign Large Cap Equities,5/11/2015,0.45%,N/A,US$0.63 ,24/12/2018,US$0.16 ,2.30%,16.03,0.76,847,1.86%,39%,20%,1099,US$26.36 ,US$27.78 ,N/A,N/A,57.22,N/A,A-,B-,N/A,N/A,N/A,N/A,5.76,83.49%,58.01%,234.44,8.56%,6.66%
FJP,First Trust Japan AlphaDEX Fund,Equity,"US$131,200,936.00 ",3.22%,"55,797",US$49.64 ,-0.66%,No,No,-1.49%,-0.10%,-19.18%,14.81%,19.89%,"(US$25,128,197.00)","(US$25,128,197.00)","(US$25,128,197.00)","US$38,226,799.50 ","US$45,139,913.00 ","US$26,702,617.23 ",Japan Equities,26/4/2011,0.80%,N/A,US$0.74 ,18/12/2018,US$0.34 ,1.48%,11.3,0.71,101,17.64%,35%,15%,1099,US$49.33 ,US$50.59 ,US$49.47 ,US$49.80 ,47.58,C+,A-,C,B,B+,B-,C,4.77,11.18%,27.32%,402.71,14.08%,5.19%
RBIN,Nationwide Risk-Based International Equity ETF,Equity,"US$114,434,775.00 ",6.59%,"4,000",US$24.26 ,-0.08%,No,No,0.89%,4.08%,-8.75%,N/A,N/A,"US$2,865,555.00 ","US$597,285.00 ","US$597,285.00 ","(US$1,185,385.00)","(US$1,205,990.00)","(US$1,205,990.00)",Foreign Large Cap Equities,15/9/2017,0.42%,N/A,US$0.67 ,27/12/2018,US$0.67 ,2.77%,13.54,0.55,214,8.99%,39%,20%,1099,US$23.27 ,US$24.38 ,US$24.25 ,US$24.29 ,58.23,N/A,N/A,N/A,N/A,N/A,N/A,N/A,6.47,60.75%,80.79%,160.43,12.79%,8.66%
JPXN,iShares JPX-Nikkei 400 ETF,Equity,"US$112,993,791.00 ",6.55%,"12,548",US$58.05 ,-0.48%,No,No,0.36%,2.83%,-14.24%,23.63%,N/A,US$0.00 ,US$0.00 ,US$0.00 ,"US$19,092,630.00 ","(US$33,802,857.00)","US$8,362,824.00 ",Japan Equities,26/10/2001,0.48%,N/A,US$0.87 ,18/12/2018,US$0.50 ,1.52%,12.7,0.83,415,14.81%,39%,20%,1099,US$56.05 ,US$58.43 ,US$57.93 ,US$58.25 ,54.87,B-,B+,B,N/A,B,C+,N/A,5.71,78.24%,56.20%,117.99,10.35%,8.99%
IVAL,ValueShares International Quantitative Value ETF,Equity,"US$89,080,640.00 ",11.81%,"11,452",US$27.93 ,-0.07%,No,No,0.36%,9.08%,-16.61%,32.46%,N/A,US$0.00 ,US$0.00 ,US$0.00 ,"US$23,922,805.00 ","US$66,359,010.00 ","US$89,292,190.00 ",Foreign Large Cap Equities,17/12/2014,0.79%,N/A,US$0.52 ,18/9/2017,US$0.05 ,1.61%,7.79,0.85,46,24.85%,35%,15%,1099,US$25.48 ,US$28.36 ,N/A,N/A,63.6,C+,B-,C,N/A,A,B-,N/A,5.81,93.58%,59.78%,222.31,4.74%,4.58%
DXJS,WisdomTree Japan Hedged SmallCap Equity Fund,Equity,"US$88,959,850.00 ",5.36%,"19,463",US$38.83 ,-0.33%,No,No,-0.32%,2.58%,-16.54%,24.13%,58.49%,"(US$7,615,390.00)",US$0.00 ,"(US$7,615,390.00)","(US$126,134,214.00)","(US$83,570,470.00)","US$8,567,679.32 ",Japan Equities,28/6/2013,0.58%,E*TRADE,US$0.76 ,25/6/2018,US$0.76 ,1.95%,13.73,0.88,789,6.31%,35%,15%,1099,US$37.35 ,US$39.23 ,N/A,N/A,50.79,A-,A-,C,N/A,B,A+,A,4.58,5.51%,20.14%,128.94,3.58%,2.06%
HDMV,First Trust Horizon Managed Volatility Developed International ETF,Equity,"US$82,172,641.00 ",5.15%,"21,666",US$32.46 ,-0.22%,No,No,0.87%,3.05%,-7.15%,N/A,N/A,"US$6,110,312.00 ",US$0.00 ,US$0.00 ,"US$46,899,086.50 ","US$81,279,236.00 ","US$81,279,236.00 ",Foreign Large Cap Equities,24/8/2016,0.80%,N/A,US$0.89 ,18/12/2018,US$0.13 ,2.75%,13.9,0.55,174,8.25%,39%,20%,1099,US$31.37 ,US$32.62 ,US$32.38 ,US$32.50 ,59.74,N/A,N/A,N/A,N/A,N/A,N/A,N/A,6.63,79.79%,84.94%,236.02,9.26%,10.62%
ISCF,iShares Edge MSCI Multifactor Intl Small-Cap ETF,Equity,"US$75,683,337.00 ",8.58%,"50,155",US$28.09 ,-0.32%,No,No,0.68%,6.04%,-16.53%,31.63%,N/A,US$0.00 ,US$0.00 ,US$0.00 ,"US$50,324,991.00 ","US$73,688,462.00 ","US$76,191,462.00 ",Foreign Small & Mid Cap Equities,28/4/2015,0.40%,N/A,US$0.55 ,18/12/2018,US$0.25 ,1.96%,11.88,0.84,690,10.32%,35%,15%,1099,US$26.54 ,US$28.28 ,US$28.02 ,US$28.13 ,59.54,N/A,N/A,C+,N/A,N/A,N/A,N/A,5.48,51.38%,48.10%,180.69,2.16%,3.38%
IQDG,WisdomTree International Quality Dividend Growth Fund,Equity,"US$66,995,276.00 ",9.21%,"22,629",US$27.40 ,0.26%,No,No,2.47%,7.49%,-13.63%,N/A,N/A,"US$3,969,924.00 ",US$0.00 ,"US$3,969,924.00 ","US$58,074,445.50 ","US$70,159,964.78 ","US$70,159,964.78 ",Foreign Large Cap Equities,7/4/2016,0.38%,N/A,US$0.49 ,24/12/2018,US$0.16 ,1.81%,14.97,0.81,229,36.85%,39%,20%,1099,US$25.43 ,US$27.41 ,US$27.37 ,US$27.44 ,64.11,N/A,N/A,B+,N/A,N/A,N/A,N/A,6.61,74.61%,84.27%,51.87,16.79%,11.81%
DEEF,Xtrackers FTSE Developed Ex US Comprehensive Factor ETF,Equity,"US$64,817,489.00 ",7.57%,"23,629",US$26.93 ,-0.19%,No,No,0.45%,5.05%,-11.75%,18.58%,N/A,US$0.00 ,US$0.00 ,US$0.00 ,"US$27,275,282.50 ","US$66,777,869.50 ","US$66,777,869.50 ",Foreign Large Cap Equities,24/11/2015,0.35%,N/A,US$0.70 ,19/12/2018,US$0.10 ,2.61%,13.27,0.68,922,8.18%,39%,20%,1099,US$25.61 ,US$27.20 ,US$26.90 ,US$26.97 ,60.08,N/A,C,A-,N/A,N/A,N/A,N/A,6.43,56.48%,79.87%,286.09,9.29%,8.49%
IQIN,IQ 500 International ETF,Equity,"US$55,694,336.00 ",7.47%,N/A,US$26.62 ,-0.15%,No,No,1.06%,5.13%,N/A,N/A,N/A,"US$33,416,757.00 ",US$0.00 ,"US$33,416,757.00 ","US$48,197,551.52 ","US$48,197,551.52 ","US$48,197,551.52 ",Foreign Large Cap Equities,13/12/2018,0.25%,N/A,US$0.02 ,27/12/2018,US$0.02 ,0.07%,11.15,0,500,10.21%,39%,20%,1099,US$25.28 ,US$26.82 ,US$26.62 ,US$26.62 ,60,N/A,N/A,N/A,N/A,N/A,N/A,N/A,N/A,N/A,N/A,N/A,N/A,N/A
IMOM,MomentumShares International Quantitative Momentum ETF,Equity,"US$55,579,500.00 ",6.75%,"8,913",US$24.77 ,-0.44%,No,No,0.45%,4.40%,-22.79%,7.28%,N/A,US$0.00 ,US$0.00 ,US$0.00 ,"US$6,437,635.00 ","US$49,501,865.00 ","US$54,065,070.00 ",Foreign Large Cap Equities,23/12/2015,0.79%,N/A,US$0.18 ,19/6/2017,US$0.14 ,0.62%,17.81,0.89,46,25.40%,39%,20%,1099,US$23.76 ,US$25.13 ,US$24.72 ,US$24.82 ,54.58,N/A,N/A,C,N/A,N/A,C,C+,5.6,66.97%,52.27%,489.89,15.04%,8.86%
NUDM,NuShares ESG International Developed Markets Equity ETF,Equity,"US$54,552,320.00 ",5.83%,"14,081",US$23.68 ,-0.17%,No,No,0.40%,3.79%,-13.83%,N/A,N/A,"US$2,339,580.00 ",US$0.00 ,"US$2,339,580.00 ","US$19,767,680.00 ","US$48,741,760.00 ","US$48,741,760.00 ",Foreign Large Cap Equities,6/6/2017,0.40%,N/A,US$0.55 ,26/12/2018,US$0.55 ,2.31%,14.14,0.79,278,18.87%,39%,20%,1099,US$22.87 ,US$23.87 ,US$23.62 ,US$23.75 ,55.56,N/A,N/A,N/A,N/A,N/A,N/A,N/A,8.16,99.87%,99.80%,67.79,2.35%,10.27%
LVHI,Legg Mason International Low Volatility High Dividend ETF,Equity,"US$47,544,186.00 ",6.28%,"4,134",US$25.65 ,0.04%,No,No,0.98%,3.80%,1.66%,N/A,N/A,US$0.00 ,US$0.00 ,US$0.00 ,"(US$8,253,093.00)","US$47,553,589.80 ","US$47,553,589.80 ",Volatility Hedged Equity,27/7/2016,0.40%,N/A,US$2.57 ,26/12/2018,US$1.47 ,10.08%,10.29,0.5,116,25.73%,39%,20%,1099,US$24.57 ,US$25.87 ,US$25.53 ,US$25.76 ,61.03,N/A,N/A,B+,N/A,N/A,N/A,N/A,6.67,81.74%,85.54%,194.35,13.21%,6.65%
RFAP,First Trust RiverFront Dynamic Asia Pacific ETF,Equity,"US$40,956,678.00 ",7.80%,"6,021",US$51.25 ,-0.83%,No,No,-0.08%,4.63%,-17.84%,N/A,N/A,US$0.00 ,US$0.00 ,US$0.00 ,"US$1,461,536.50 ","US$21,247,698.50 ","US$21,247,698.50 ",Asia Pacific Equities,13/4/2016,0.83%,N/A,US$1.18 ,18/12/2018,US$0.45 ,2.28%,10.83,0.86,118,18.75%,39%,20%,1099,US$48.99 ,US$52.03 ,US$51.11 ,US$51.48 ,55.54,N/A,N/A,N/A,N/A,N/A,N/A,N/A,5.51,64.93%,48.92%,215.17,10.13%,6.46%
JPN,Xtrackers Japan JPX-Nikkei 400 Equity ETF,Equity,"US$39,358,291.00 ",6.27%,"141,324",US$26.28 ,-0.45%,No,No,0.27%,2.86%,-14.34%,22.77%,N/A,"US$8,906,028.50 ",US$0.00 ,"US$5,169,842.00 ","US$36,387,870.00 ","US$38,287,229.50 ","US$49,947,498.50 ",Japan Equities,24/6/2015,0.09%,N/A,US$0.21 ,19/12/2018,US$0.17 ,0.81%,12.9,0.85,256,16.16%,35%,15%,1099,US$25.40 ,US$26.44 ,US$26.18 ,US$26.39 ,55.24,B-,B,A-,N/A,B+,C,N/A,5.68,74.81%,55.19%,117.85,10.19%,8.71%
IDHQ,Invesco S&P International Developed Quality ETF,Equity,"US$38,709,580.00 ",8.19%,"11,797",US$22.12 ,0.45%,No,No,1.56%,7.07%,-8.97%,24.22%,28.63%,"US$2,122,106.00 ",US$0.00 ,"US$2,122,106.00 ","US$8,250,746.00 ","US$14,343,567.50 ","US$14,068,592.50 ",Foreign Large Cap Equities,13/6/2007,0.29%,N/A,US$0.55 ,24/12/2018,US$0.10 ,2.48%,16.03,0.7,256,29.38%,15%,35%,1099,US$20.65 ,US$22.20 ,US$22.09 ,US$22.19 ,61.37,C+,C+,B-,B,C+,B-,A-,6.94,92.88%,91.42%,114.75,13.77%,9.74%
FPA,First Trust Asia Pacific ex-Japan AlphaDEX Fund,Equity,"US$32,896,637.00 ",10.14%,"6,914",US$29.98 ,-0.73%,No,No,0.71%,7.96%,-18.28%,24.90%,30.88%,US$0.00 ,US$0.00 ,US$0.00 ,"(US$16,558,017.50)","(US$1,683,787.50)","(US$28,864,934.47)",Asia Pacific Equities,20/4/2011,0.80%,N/A,US$0.76 ,18/12/2018,US$0.19 ,2.55%,8.21,0.85,101,18.31%,35%,15%,1099,US$27.90 ,US$30.31 ,US$29.89 ,US$30.02 ,61.79,C+,B+,C,C+,B,C,B+,5.13,61.87%,36.67%,371.33,2.45%,7.08%
DVYA,iShares Asia/Pacific Dividend ETF,Equity,"US$32,803,254.00 ",8.45%,"4,544",US$43.72 ,0.14%,No,No,0.64%,6.35%,-9.35%,39.97%,9.24%,US$0.00 ,US$0.00 ,US$0.00 ,"(US$4,546,191.50)","(US$4,650,792.50)","(US$3,440,792.50)",Asia Pacific Equities,23/2/2012,0.49%,N/A,US$2.52 ,18/12/2018,US$0.54 ,5.78%,11.75,0.93,39,43.23%,35%,15%,1099,US$40.86 ,US$44.04 ,US$43.71 ,US$43.75 ,62.68,B+,B+,B+,B,A+,B+,C+,6.37,51.17%,78.28%,348.33,5.97%,0.92%
JPMV,iShares Edge MSCI Min Vol Japan ETF,Equity,"US$32,748,325.00 ",4.29%,"6,855",US$65.69 ,-0.38%,No,No,0.66%,1.31%,-6.10%,24.92%,N/A,"US$6,510,145.00 ","US$6,510,145.00 ","US$6,510,145.00 ","(US$7,023,019.00)","US$4,962,765.00 ","US$16,486,765.00 ",Japan Equities,3/6/2014,0.30%,N/A,US$0.89 ,18/12/2018,US$0.42 ,1.36%,14.37,0.46,187,15.71%,35%,15%,1099,US$64.51 ,US$65.91 ,US$65.51 ,US$65.84 ,56.36,A,B,A,N/A,A+,B,N/A,5.34,31.45%,43.02%,144.98,14.19%,14.02%
MFDX,PIMCO RAFI Dynamic Multi-Factor International Equity ETF,Equity,"US$31,444,852.00 ",6.94%,"9,482",US$23.89 ,-0.21%,No,No,0.99%,4.62%,-12.29%,N/A,N/A,"US$4,722,492.00 ","US$4,722,492.00 ","US$4,722,492.00 ","US$10,132,192.00 ","US$10,161,090.00 ","US$10,161,090.00 ",Foreign Large Cap Equities,31/8/2017,0.39%,N/A,US$0.66 ,28/12/2018,US$0.19 ,2.79%,13.91,0.64,993,9.69%,39%,20%,1099,US$22.80 ,US$24.02 ,N/A,N/A,59.82,N/A,N/A,N/A,N/A,N/A,N/A,N/A,6.38,51.55%,78.49%,233.43,12.19%,6.54%
JPIH,JPMorgan Diversified Return International Currency Hedged ETF,Equity,"US$30,824,043.00 ",6.89%,810,US$27.94 ,0.07%,No,No,0.61%,4.76%,-3.19%,N/A,N/A,US$0.00 ,US$0.00 ,US$0.00 ,"(US$5,888,033.00)","US$24,572,023.50 ","US$24,572,023.50 ",Foreign Large Cap Equities,1/4/2016,0.38%,N/A,US$1.08 ,24/12/2018,US$1.07 ,3.84%,12.87,0.53,2,100.00%,39%,20%,1099,US$26.62 ,US$28.19 ,US$27.93 ,US$27.95 ,58.78,N/A,N/A,B-,N/A,N/A,N/A,N/A,N/A,N/A,N/A,N/A,N/A,N/A
HEWY,iShares Currency Hedged MSCI South Korea ETF,Equity,"US$30,535,757.00 ",10.03%,"14,190",US$26.54 ,-0.45%,No,No,1.72%,9.90%,-12.95%,27.30%,N/A,"US$7,272,258.00 ",US$0.00 ,US$0.00 ,"US$31,726,251.00 ","US$1,879,630.50 ","US$31,965,130.50 ",Asia Pacific Equities,29/6/2015,0.59%,N/A,US$1.04 ,28/12/2018,US$0.35 ,3.91%,9.57,0.81,2,100.00%,35%,15%,1099,US$23.66 ,US$26.96 ,N/A,N/A,63.94,N/A,N/A,B-,N/A,N/A,N/A,N/A,N/A,N/A,N/A,N/A,N/A,N/A
GSJY,Goldman Sachs ActiveBeta Japan Equity ETF,Equity,"US$30,509,695.00 ",6.18%,"8,439",US$30.60 ,-0.36%,No,No,0.39%,2.48%,-10.71%,N/A,N/A,US$0.00 ,US$0.00 ,US$0.00 ,"(US$20,789,626.00)","(US$9,515,242.00)","(US$9,515,242.00)",Japan Equities,2/3/2016,0.25%,N/A,US$0.95 ,24/12/2018,US$0.67 ,3.13%,12.63,0.68,318,15.85%,39%,20%,1099,US$29.75 ,US$30.78 ,US$30.55 ,US$30.66 ,54.77,N/A,N/A,A,N/A,N/A,N/A,N/A,5.46,41.58%,47.37%,171.05,11.79%,9.01%
PQIN,PGIM QMA Strategic Alpha International Equity ETF,Equity,"US$30,463,740.00 ",7.11%,N/A,US$51.06 ,-0.31%,No,No,0.45%,4.52%,N/A,N/A,N/A,US$0.00 ,US$0.00 ,US$0.00 ,"US$4,906,550.00 ","US$4,906,550.00 ","US$4,906,550.00 ",Foreign Large Cap Equities,4/12/2018,0.29%,N/A,US$0.06 ,27/12/2018,US$0.07 ,0.13%,0,0,497,4.00%,N/A,N/A,N/A,US$48.86 ,US$51.50 ,US$51.06 ,US$51.06 ,61.27,N/A,N/A,N/A,N/A,N/A,N/A,N/A,N/A,N/A,N/A,N/A,N/A,N/A
FLJH,Franklin FTSE Japan Hedged ETF,Equity,"US$26,960,487.00 ",6.16%,"11,252",US$22.53 ,0.04%,No,No,0.04%,4.02%,-11.82%,N/A,N/A,"(US$13,480,584.00)","(US$13,480,584.00)","(US$13,480,584.00)","US$2,720,130.00 ","US$18,398,322.00 ","US$18,398,322.00 ",Japan Equities,2/11/2017,0.09%,N/A,US$1.26 ,20/12/2018,US$1.25 ,5.64%,13.96,3.31,511,17.85%,39%,20%,1099,US$21.58 ,US$22.76 ,US$22.53 ,US$22.53 ,51.93,N/A,N/A,N/A,N/A,N/A,N/A,N/A,5.58,58.57%,51.48%,126.11,9.79%,8.77%
MVIN,Natixis Seeyond International Minimum Volatility ETF,Equity,"US$24,995,083.00 ",6.23%,"3,410",US$41.78 ,-0.10%,No,No,0.97%,3.70%,-5.23%,N/A,N/A,"US$2,012,886.50 ",US$0.00 ,"US$2,012,886.50 ","US$8,380,823.50 ","US$10,676,097.75 ","US$10,676,097.75 ",Foreign Large Cap Equities,25/10/2016,0.55%,N/A,US$2.23 ,21/12/2018,US$1.56 ,5.34%,15.7,0.66,109,20.65%,20%,39%,1099,US$40.28 ,US$41.91 ,N/A,N/A,61.06,N/A,N/A,N/A,N/A,N/A,N/A,N/A,5.97,19.82%,65.22%,222.35,9.46%,7.64%
DDLS,WisdomTree Dynamic Currency Hedged International SmallCap Equity Fund,Equity,"US$24,595,768.00 ",6.75%,"6,744",US$29.28 ,0.10%,No,No,0.63%,4.96%,-13.46%,28.85%,N/A,US$0.00 ,US$0.00 ,US$0.00 ,"US$10,376,062.50 ","US$23,735,866.39 ","US$23,735,866.39 ",Foreign Small & Mid Cap Equities,7/1/2016,0.43%,N/A,US$0.48 ,25/9/2018,US$0.04 ,1.66%,11.9,0.66,751,8.58%,39%,20%,1099,US$27.95 ,US$29.50 ,N/A,N/A,58.47,N/A,N/A,A-,N/A,N/A,N/A,N/A,5.58,63.30%,51.25%,177.06,4.19%,3.38%
RNDM,First Trust Developed International Equity Select ETF,Equity,"US$24,024,411.00 ",7.05%,"3,886",US$48.27 ,0.04%,No,No,1.54%,5.23%,-9.33%,N/A,N/A,US$0.00 ,US$0.00 ,US$0.00 ,"US$12,698,200.50 ","US$20,517,792.50 ","US$20,517,792.50 ",Foreign Large Cap Equities,20/6/2017,0.65%,N/A,US$1.03 ,18/12/2018,US$0.24 ,2.15%,13.22,0.57,444,19.09%,39%,20%,1099,US$45.35 ,US$48.49 ,US$48.19 ,US$48.31 ,63.89,N/A,N/A,N/A,N/A,N/A,N/A,N/A,6.6,73.58%,84.17%,176.13,10.27%,7.90%
PAF,Invesco FTSE RAFI Asia Pacific ex-Japan ETF,Equity,"US$20,984,972.00 ",9.39%,"2,003",US$52.44 ,-0.17%,No,No,0.47%,7.73%,-10.65%,52.02%,22.16%,US$0.00 ,US$0.00 ,US$0.00 ,US$0.00 ,"(US$5,999,517.00)","(US$19,124,188.50)",Asia Pacific Equities,25/6/2007,0.49%,Charles Schwab,US$2.11 ,24/12/2018,US$0.89 ,4.01%,11.59,1.01,188,31.79%,35%,15%,1099,US$48.19 ,US$52.98 ,N/A,N/A,62.93,A,B+,B+,B,A,B+,A-,5.87,87.05%,62.04%,329.26,10.68%,5.07%
FLKR,Franklin FTSE South Korea ETF,Equity,"US$19,987,113.00 ",8.99%,"3,948",US$22.19 ,-1.07%,No,No,0.73%,9.10%,-16.86%,N/A,N/A,US$0.00 ,US$0.00 ,US$0.00 ,"(US$2,137,785.00)","US$22,186,902.00 ","US$22,186,902.00 ",Asia Pacific Equities,2/11/2017,0.09%,N/A,US$0.38 ,20/12/2018,US$0.38 ,1.69%,8.94,2.57,129,46.16%,39%,20%,1099,US$19.80 ,US$22.62 ,US$22.19 ,US$22.19 ,61.47,N/A,N/A,N/A,N/A,N/A,N/A,N/A,4.31,13.43%,14.03%,197.93,6.70%,3.76%
PPDM,Portfolio+ Developed Markets ETF,Equity,"US$19,513,390.00 ",9.15%,153,US$21.60 ,-0.41%,No,1.25x,0.79%,6.14%,N/A,N/A,N/A,US$0.00 ,US$0.00 ,US$0.00 ,"(US$2,023,193.00)","(US$2,023,193.00)","(US$2,023,193.00)",Leveraged Equities,15/2/2018,0.47%,N/A,US$0.50 ,27/12/2018,US$0.11 ,2.29%,12.6,0.91,2,100.00%,39%,20%,1099,US$20.31 ,US$21.80 ,US$21.58 ,US$21.63 ,58.7,N/A,N/A,N/A,N/A,N/A,N/A,N/A,N/A,N/A,N/A,N/A,N/A,N/A
AUSE,WisdomTree Australia Dividend Fund,Equity,"US$19,454,437.00 ",8.95%,"6,889",US$51.85 ,-0.02%,No,No,1.07%,7.04%,-11.61%,39.96%,14.03%,US$0.00 ,US$0.00 ,US$0.00 ,"(US$14,411,364.00)","(US$17,258,266.00)","(US$30,453,096.00)",Asia Pacific Equities,16/6/2006,0.58%,E*TRADE,US$2.32 ,24/12/2018,US$0.51 ,4.52%,16.84,1.07,78,27.76%,35%,15%,1099,US$48.49 ,US$52.27 ,US$51.74 ,US$52.00 ,61.43,B,B,B,A-,B,B,B,6.71,84.46%,87.37%,350.35,9.90%,1.56%
FLHK,Franklin FTSE Hong Kong ETF,Equity,"US$18,706,176.00 ",7.65%,"6,056",US$24.99 ,-1.23%,No,No,0.22%,7.00%,-6.84%,N/A,N/A,US$0.00 ,US$0.00 ,US$0.00 ,"US$10,778,979.00 ","US$10,778,979.00 ","US$10,778,979.00 ",Asia Pacific Equities,2/11/2017,0.09%,N/A,US$0.60 ,20/12/2018,US$0.21 ,2.44%,10.18,-3.14,89,55.66%,39%,20%,1099,US$23.34 ,US$25.40 ,US$24.99 ,US$24.99 ,61.16,N/A,N/A,N/A,N/A,N/A,N/A,N/A,5.28,97.50%,41.12%,400.28,9.44%,7.76%
DHDG,WisdomTree Dynamic Currency Hedged International Quality Dividend Growth Fund,Equity,"US$17,788,696.00 ",9.18%,"20,179",US$22.29 ,0.36%,No,No,2.25%,7.16%,-9.41%,N/A,N/A,"US$3,237,318.00 ",US$0.00 ,"US$3,237,318.00 ","US$15,945,594.50 ","US$18,448,335.51 ","US$18,448,335.51 ",Foreign Large Cap Equities,3/11/2016,0.48%,N/A,US$1.07 ,4/12/2018,US$0.93 ,4.83%,15.31,0.74,2,100.00%,20%,39%,1099,US$20.75 ,US$22.31 ,US$22.29 ,US$22.29 ,63.87,N/A,N/A,N/A,N/A,N/A,N/A,N/A,N/A,N/A,N/A,N/A,N/A,N/A
KORU,Direxion Daily South Korea Bull 3X Shares,Equity,"US$17,112,653.00 ",25.24%,"54,587",US$31.01 ,-3.87%,No,3x,1.97%,27.72%,-53.52%,62.23%,-23.25%,"(US$9,004,851.00)","(US$15,576,116.50)","(US$9,004,851.00)","US$13,391,446.50 ","US$20,511,963.50 ","US$25,247,625.07 ",Leveraged Equities,10/4/2013,1.28%,N/A,US$0.34 ,27/12/2018,US$0.14 ,1.07%,6.36,2.77,2,100.00%,35%,15%,1099,US$22.23 ,US$32.60 ,US$30.80 ,US$31.22 ,59.6,N/A,B-,C,N/A,N/A,N/A,C,N/A,N/A,N/A,N/A,N/A,N/A
DXJF,WisdomTree Japan Hedged Financials Fund,Equity,"US$14,709,048.00 ",4.61%,"14,955",US$21.12 ,-1.12%,No,No,-2.36%,1.25%,-19.59%,-4.50%,N/A,US$0.00 ,US$0.00 ,US$0.00 ,"(US$16,990,350.50)","US$2,796,633.50 ","US$27,699,314.98 ",Japan Equities,8/4/2014,0.48%,E*TRADE,US$0.47 ,24/12/2018,US$0.09 ,2.24%,10.26,1.21,79,56.67%,35%,15%,1099,US$20.67 ,US$21.73 ,US$21.11 ,US$21.14 ,45.71,C,B+,C+,N/A,C+,C,N/A,5.5,56.41%,48.61%,5.3,0.00%,3.80%
FLTW,Franklin FTSE Taiwan ETF,Equity,"US$13,964,037.00 ",3.69%,"6,745",US$23.61 ,-0.84%,No,No,0.49%,6.54%,-11.43%,N/A,N/A,US$0.00 ,US$0.00 ,US$0.00 ,"US$9,240,048.00 ","US$9,240,048.00 ","US$9,240,048.00 ",Asia Pacific Equities,2/11/2017,0.19%,N/A,US$0.24 ,20/12/2018,US$0.24 ,1.04%,13.49,2.86,89,47.13%,39%,20%,1099,US$22.09 ,US$23.79 ,US$23.57 ,US$23.69 ,56.67,N/A,N/A,N/A,N/A,N/A,N/A,N/A,5.31,98.33%,42.23%,270.82,0.00%,4.11%
PXUS,Principal International Multi-Factor Index ETF,Equity,"US$13,660,079.00 ",N/A,N/A,US$90.69 ,2.21%,No,No,2.21%,N/A,N/A,N/A,N/A,US$0.00 ,US$0.00 ,US$0.00 ,US$0.00 ,US$0.00 ,US$0.00 ,Foreign Large Cap Equities,8/11/2017,0.39%,N/A,US$0.29 ,27/12/2018,US$0.29 ,0.31%,13.41,0,314,14.61%,39%,20%,1099,N/A,N/A,US$90.69 ,US$90.69 ,,N/A,N/A,N/A,N/A,N/A,N/A,N/A,6.83,90.54%,89.77%,109.92,13.11%,7.63%
QINT,American Century Quality Diversified International ETF,Equity,"US$13,090,209.00 ",9.02%,"3,682",US$37.41 ,0.08%,No,No,1.14%,7.22%,N/A,N/A,N/A,US$0.00 ,US$0.00 ,US$0.00 ,"US$5,586,810.00 ","US$5,586,810.00 ","US$5,586,810.00 ",Foreign Large Cap Equities,10/9/2018,0.39%,N/A,US$0.14 ,21/12/2018,US$0.14 ,0.39%,13.77,0.77,348,14.08%,39%,20%,1099,US$34.93 ,US$37.71 ,US$37.36 ,US$37.49 ,61.94,N/A,N/A,N/A,N/A,N/A,N/A,N/A,6.24,39.64%,74.27%,182.6,8.28%,7.81%
JPNL,Direxion Daily Japan Bull 3x Shares,Equity,"US$12,719,967.00 ",19.29%,"6,173",US$50.70 ,-1.50%,No,3x,0.80%,8.47%,-43.79%,34.68%,19.00%,US$0.00 ,US$0.00 ,US$0.00 ,"(US$10,586,532.50)","US$3,125,391.50 ","US$11,659,442.00 ",Leveraged Equities,26/6/2013,1.21%,N/A,US$0.00 ,19/12/2017,US$0.14 ,0.00%,12.6,2.53,2,100.00%,35%,15%,1099,US$46.33 ,US$51.90 ,US$50.40 ,US$51.10 ,53.21,B-,B-,B,C+,C+,N/A,N/A,N/A,N/A,N/A,N/A,N/A,N/A
JHDG,WisdomTree Japan Hedged Dividend Growth Fund,Equity,"US$12,664,404.00 ",7.23%,"3,422",US$25.42 ,0.32%,No,No,0.83%,4.95%,-13.28%,13.37%,N/A,US$0.00 ,US$0.00 ,US$0.00 ,US$0.00 ,"(US$4,321,997.00)","US$8,672,720.31 ",Japan Equities,9/4/2015,0.43%,E*TRADE,US$0.34 ,24/12/2018,US$0.11 ,1.37%,13.96,0.98,203,36.58%,35%,15%,1099,US$24.00 ,US$25.58 ,US$25.40 ,US$25.45 ,54.8,N/A,N/A,A-,N/A,N/A,N/A,N/A,5.86,14.90%,61.42%,66.06,22.61%,8.11%
REFA,Oppenheimer International Revenue ETF,Equity,"US$12,295,280.00 ",7.69%,"2,884",US$24.58 ,-0.24%,No,No,0.82%,4.73%,-14.05%,N/A,N/A,US$0.00 ,US$0.00 ,US$0.00 ,"US$15,355.00 ","US$15,355.00 ","US$15,355.00 ",Foreign Large Cap Equities,11/7/2017,0.42%,N/A,US$0.75 ,26/12/2018,US$0.14 ,3.03%,11.32,0.79,524,14.19%,39%,20%,1099,US$23.53 ,US$24.73 ,US$24.58 ,US$24.58 ,59.67,N/A,N/A,N/A,N/A,N/A,N/A,N/A,6.13,30.05%,70.80%,211.26,13.90%,5.37%
DWMF,WisdomTree International Multifactor Fund,Equity,"US$11,968,807.00 ",5.87%,"10,532",US$24.00 ,0.13%,No,No,0.68%,3.94%,N/A,N/A,N/A,US$0.00 ,US$0.00 ,US$0.00 ,"US$8,968,500.00 ","US$8,968,500.00 ","US$8,968,500.00 ",Foreign Large Cap Equities,10/8/2018,0.38%,N/A,US$0.26 ,24/12/2018,US$0.16 ,1.09%,12.02,0.61,191,9.50%,39%,20%,1099,US$23.06 ,US$24.19 ,US$23.99 ,US$24.01 ,58.75,N/A,N/A,N/A,N/A,N/A,N/A,N/A,6.6,73.45%,84.16%,288.71,13.25%,7.81%
FDTS,First Trust Developed Markets ex-US Small Cap AlphaDEX Fund,Equity,"US$10,910,043.00 ",9.26%,"5,722",US$36.40 ,-0.16%,No,No,1.59%,7.76%,-21.69%,25.30%,10.32%,US$0.00 ,US$0.00 ,US$0.00 ,"(US$1,730,711.00)","US$5,385,717.50 ","US$9,113,863.00 ",Foreign Small & Mid Cap Equities,15/2/2012,0.80%,N/A,US$0.65 ,18/12/2018,US$0.22 ,1.79%,10.83,0.85,383,9.16%,35%,15%,1099,US$33.16 ,US$36.72 ,N/A,N/A,59.18,C,C,C,B,C,A-,B-,N/A,N/A,N/A,N/A,N/A,N/A
TTAI,TrimTabs All Cap International Free-Cash-Flow ETF,Equity,"US$10,714,500.00 ",7.66%,782,US$23.90 ,-0.33%,No,No,0.93%,5.80%,-14.65%,N/A,N/A,US$0.00 ,US$0.00 ,US$0.00 ,"US$3,280,577.50 ","US$9,666,747.50 ","US$9,666,747.50 ",Foreign Large Cap Equities,28/6/2017,0.59%,N/A,US$0.20 ,28/12/2018,US$0.20 ,0.86%,14.82,0.81,87,17.30%,39%,20%,1099,US$22.64 ,US$24.14 ,N/A,N/A,58.97,N/A,N/A,N/A,N/A,N/A,N/A,N/A,6.5,63.34%,81.73%,143.75,9.51%,8.18%
DDBI,Legg Mason Developed ex-US Diversified Core ETF,Equity,"US$10,695,681.00 ",7.59%,985,US$26.94 ,0.86%,No,No,1.89%,8.32%,-8.68%,25.27%,N/A,US$0.00 ,US$0.00 ,US$0.00 ,US$0.00 ,"US$5,617,548.98 ","US$5,617,573.93 ",Foreign Large Cap Equities,28/12/2015,0.40%,N/A,US$1.21 ,26/12/2018,US$1.21 ,4.48%,13.61,0.81,516,9.68%,39%,20%,1099,US$24.78 ,US$27.25 ,N/A,N/A,59.82,N/A,N/A,B+,N/A,N/A,N/A,A-,6.77,88.21%,88.52%,330.17,13.78%,7.75%
FLAU,Franklin FTSE Australia ETF,Equity,"US$9,433,235.00 ",7.11%,"3,972",US$23.64 ,-0.17%,No,No,0.34%,5.07%,-8.82%,N/A,N/A,US$0.00 ,US$0.00 ,US$0.00 ,"US$7,136,519.50 ","US$7,099,551.50 ","US$7,099,551.50 ",Asia Pacific Equities,2/11/2017,0.09%,N/A,US$0.96 ,20/12/2018,US$0.49 ,4.08%,17.06,-3.13,96,50.87%,39%,20%,1099,US$22.55 ,US$23.93 ,US$23.64 ,US$23.64 ,58.86,N/A,N/A,N/A,N/A,N/A,N/A,N/A,6.88,95.52%,90.58%,310.47,13.06%,6.10%
IDHD,Invesco S&P International Developed High Dividend Low Volatility ETF,Equity,"US$8,067,344.00 ",5.60%,"3,979",US$27.16 ,-0.33%,No,No,1.10%,4.80%,-5.69%,N/A,N/A,"US$1,343,246.50 ","US$1,343,246.50 ","US$1,343,246.50 ","US$5,403,276.50 ","US$6,738,912.00 ","US$6,738,912.00 ",Volatility Hedged Equity,1/12/2016,0.30%,N/A,US$1.25 ,24/12/2018,US$0.30 ,4.63%,14.83,0.48,101,13.66%,20%,39%,1099,US$26.03 ,US$27.38 ,US$27.16 ,US$27.16 ,61.42,N/A,N/A,N/A,N/A,N/A,N/A,N/A,6.52,98.56%,82.33%,351.9,6.64%,9.48%
ZHOK,SPDR Solactive Hong Kong ETF,Equity,"US$7,756,350.00 ",8.63%,713,US$62.06 ,-1.26%,No,No,0.31%,7.26%,N/A,N/A,N/A,US$0.00 ,US$0.00 ,US$0.00 ,US$0.00 ,US$0.00 ,US$0.00 ,Asia Pacific Equities,18/9/2018,0.14%,N/A,US$0.22 ,21/12/2018,US$0.21 ,0.35%,14,-0.98,59,57.00%,39%,20%,1099,US$57.69 ,US$63.04 ,US$62.04 ,US$62.11 ,59.93,N/A,N/A,N/A,N/A,N/A,N/A,N/A,5.2,96.67%,38.55%,408.55,11.93%,9.06%
EWV,UltraShort MSCI Japan ProShares,Equity,"US$7,506,072.00 ",-12.40%,"5,408",US$30.10 ,1.21%,Yes,2x,-0.20%,-5.82%,26.74%,-43.29%,-58.04%,US$0.00 ,US$0.00 ,US$0.00 ,"(US$1,542,878.25)","US$2,336,990.50 ","US$8,806,486.74 ",Leveraged Equities,6/11/2007,0.95%,N/A,US$0.00 ,23/12/2008,US$12.16 ,0.00%,0,-1.59,446,18.66%,35%,15%,1099,US$29.48 ,US$32.22 ,US$29.91 ,US$30.22 ,44.41,B,B,B-,A-,B+,N/A,N/A,N/A,N/A,N/A,N/A,N/A,N/A
ZJPN,SPDR Solactive Japan ETF,Equity,"US$7,134,881.00 ",6.52%,"1,238",US$71.44 ,-0.50%,No,No,0.40%,3.26%,-10.48%,22.98%,N/A,"(US$7,067,662.00)",US$0.00 ,"(US$7,067,662.00)","(US$7,067,662.00)","(US$7,067,662.00)","(US$7,067,662.00)",Japan Equities,11/6/2014,0.14%,N/A,US$1.80 ,21/12/2018,US$1.21 ,2.56%,11.91,0.7,317,19.04%,N/A,N/A,N/A,US$68.96 ,US$71.95 ,US$71.36 ,US$71.52 ,55.3,N/A,N/A,N/A,N/A,N/A,N/A,N/A,5.63,63.79%,53.08%,125.93,10.63%,9.44%
FLQH,Franklin LibertyQ International Equity Hedged ETF,Equity,"US$7,068,310.00 ",5.56%,"5,000",US$23.63 ,0.25%,No,No,1.48%,4.10%,-0.21%,N/A,N/A,US$0.00 ,US$0.00 ,US$0.00 ,"(US$2,648,534.00)","(US$17,667,080.00)","(US$17,667,080.00)",Foreign Large Cap Equities,1/6/2016,0.40%,N/A,US$1.27 ,20/12/2018,US$0.97 ,5.43%,14.73,0.32,237,20.40%,39%,20%,1099,US$22.55 ,US$23.69 ,N/A,N/A,59.86,N/A,N/A,B+,N/A,N/A,N/A,N/A,6.75,86.92%,88.16%,176.16,14.57%,8.02%
DBKO,Xtrackers MSCI South Korea Hedged Equity Fund,Equity,"US$7,002,167.00 ",9.58%,"4,632",US$27.90 ,-0.36%,No,No,1.27%,9.54%,-11.29%,30.99%,16.97%,"(US$3,889,647.00)",US$0.00 ,"(US$3,889,647.00)","US$758,278.50 ","(US$111,301,441.00)","US$1,416,678.74 ",Asia Pacific Equities,23/1/2014,0.58%,N/A,US$0.80 ,20/6/2018,US$0.80 ,2.86%,6.36,0.52,113,48.00%,35%,15%,1099,US$24.95 ,US$28.34 ,US$27.89 ,US$27.91 ,63.76,N/A,N/A,B,N/A,N/A,N/A,N/A,4.26,11.51%,13.17%,196.06,5.74%,3.50%
HFXJ,IQ 50 Percent Hedged FTSE Japan ETF,Equity,"US$6,987,785.00 ",6.80%,"23,882",US$19.96 ,-0.25%,No,No,0.35%,3.80%,-13.17%,23.96%,N/A,"(US$23,476,026.00)",US$0.00 ,"(US$23,476,026.00)","(US$24,575,967.75)","(US$20,587,325.25)","US$4,567,821.25 ",Japan Equities,22/7/2015,0.30%,N/A,US$0.35 ,27/12/2018,US$0.13 ,1.76%,14,0.97,519,17.69%,35%,15%,1099,US$19.15 ,US$20.12 ,N/A,N/A,53.98,N/A,B-,B+,N/A,C,N/A,N/A,5.58,57.82%,51.32%,126.74,10.00%,8.95%
EZJ,ProShares Ultra MSCI Japan,Equity,"US$5,641,871.00 ",12.03%,"2,162",US$32.07 ,-1.08%,No,2x,-0.34%,5.18%,-30.33%,31.77%,27.25%,"US$657,402.25 ",US$0.00 ,"(US$789,689.25)","(US$5,149,805.00)","(US$8,261,931.50)","(US$24,015,181.50)",Leveraged Equities,2/6/2009,0.95%,N/A,US$1.28 ,26/12/2018,US$1.28 ,3.97%,0,1.73,446,18.66%,35%,15%,1099,US$30.40 ,US$32.58 ,US$31.93 ,US$32.17 ,53.04,C,C+,C+,B-,B+,N/A,N/A,N/A,N/A,N/A,N/A,N/A,N/A
ISZE,iShares Edge MSCI Intl Size Factor ETF,Equity,"US$5,120,295.00 ",7.84%,831,US$25.58 ,-0.20%,No,No,0.55%,5.44%,-10.36%,27.84%,N/A,US$0.00 ,US$0.00 ,US$0.00 ,US$0.00 ,"(US$249,330.00)","(US$249,330.00)",Foreign Large Cap Equities,16/6/2015,0.30%,N/A,US$0.72 ,18/12/2018,US$0.27 ,2.81%,13.41,0.52,902,3.21%,39%,20%,1099,US$24.30 ,US$25.81 ,US$25.58 ,US$25.59 ,60.36,B,C,A,N/A,N/A,C+,A-,6.24,40.16%,74.46%,230.92,9.71%,7.70%
ESGN,Columbia Sustainable International Equity Income ETF,Equity,"US$5,109,848.00 ",9.30%,"6,363",US$25.57 ,-0.04%,No,No,0.87%,6.32%,-11.84%,N/A,N/A,US$0.00 ,US$0.00 ,US$0.00 ,"(US$6,569,610.00)","US$745,556.00 ","US$745,556.00 ",Foreign Large Cap Equities,13/6/2016,0.45%,N/A,US$2.28 ,21/12/2018,US$1.63 ,8.92%,11.67,0.8,100,15.28%,39%,20%,1099,US$23.94 ,US$25.77 ,US$25.51 ,US$25.70 ,61.89,N/A,N/A,B,N/A,N/A,N/A,N/A,6.97,93.26%,91.88%,281.73,17.69%,5.46%
SCIJ,Global X Scientific Beta Japan ETF,Equity,"US$4,079,957.00 ",5.54%,"3,029",US$27.26 ,-0.40%,No,No,0.18%,1.75%,-15.22%,22.92%,N/A,"(US$2,720,914.00)",US$0.00 ,"(US$2,720,914.00)","(US$2,556,638.50)","(US$10,846,508.50)","(US$886,508.50)",Hedge Fund,12/5/2015,0.39%,N/A,US$0.62 ,28/12/2018,US$0.61 ,2.25%,12.91,0.67,232,10.19%,35%,15%,1099,US$26.63 ,US$27.44 ,US$27.22 ,US$27.28 ,53.79,N/A,C,A-,N/A,N/A,C+,N/A,5.27,26.53%,40.77%,250.56,10.11%,9.57%
DEWJ,iShares Adaptive Currency Hedged MSCI Japan ETF,Equity,"US$3,963,060.00 ",6.54%,224,US$26.39 ,-0.23%,No,No,0.19%,3.94%,-13.28%,19.46%,N/A,US$0.00 ,US$0.00 ,US$0.00 ,US$0.00 ,"US$1,047,226.00 ","US$1,047,226.00 ",Japan Equities,5/1/2016,0.47%,N/A,US$0.43 ,28/12/2018,US$0.20 ,1.63%,13.99,0.84,2,100.00%,39%,20%,1099,US$25.32 ,US$26.66 ,US$26.39 ,US$26.39 ,53.33,N/A,N/A,B,N/A,N/A,N/A,N/A,N/A,N/A,N/A,N/A,N/A,N/A
FHK,First Trust Hong Kong AlphaDEX Fund,Equity,"US$3,594,966.00 ",7.69%,"1,115",US$35.86 ,-0.08%,No,No,3.02%,7.69%,-17.84%,42.51%,19.02%,US$0.00 ,US$0.00 ,US$0.00 ,US$0.00 ,"(US$105,035,835.50)","US$78,463,685.50 ",Asia Pacific Equities,14/2/2012,0.80%,N/A,US$0.99 ,18/12/2018,US$0.31 ,2.75%,7.4,0.98,41,40.64%,35%,15%,1099,US$33.34 ,US$36.00 ,N/A,N/A,55.44,B-,B-,C,A,N/A,C+,B-,4.58,92.50%,19.94%,277.53,9.41%,9.71%
HJPX,iShares Currency Hedged JPX-Nikkei 400 ETF,Equity,"US$2,693,303.00 ",6.43%,824,US$26.89 ,-0.30%,No,No,0.34%,4.20%,-12.79%,25.12%,N/A,US$0.00 ,US$0.00 ,US$0.00 ,"US$1,420,113.00 ","(US$3,455,420.50)","US$588,079.50 ",Japan Equities,29/9/2015,0.48%,N/A,US$0.41 ,28/12/2018,US$0.24 ,1.52%,14.63,1.12,2,100.00%,39%,20%,1099,US$25.66 ,US$27.13 ,US$26.82 ,US$26.92 ,52.42,N/A,B,B-,N/A,N/A,C,N/A,N/A,N/A,N/A,N/A,N/A,N/A
DDJP,WisdomTree Dynamic Currency Hedged Japan Equity Fund,Equity,"US$2,585,456.00 ",6.33%,223,US$26.02 ,-0.34%,No,No,-0.27%,3.42%,-13.09%,23.79%,N/A,US$0.00 ,US$0.00 ,US$0.00 ,US$0.00 ,"(US$453,363.82)","(US$453,363.82)",Japan Equities,7/1/2016,0.43%,N/A,US$0.46 ,24/12/2018,US$0.13 ,1.77%,11.9,0.82,368,24.65%,39%,20%,1099,US$25.06 ,US$26.37 ,US$26.00 ,US$26.03 ,52.27,N/A,N/A,B+,N/A,N/A,N/A,N/A,5.61,62.00%,52.63%,135.17,14.56%,6.88%
DMDV,AAM S&P Developed Markets High Dividend Value ETF,Equity,"US$2,554,650.00 ",8.53%,N/A,US$25.69 ,-0.50%,No,No,0.31%,5.63%,N/A,N/A,N/A,"(US$6,895.00)","(US$6,895.00)","(US$6,895.00)","(US$6,895.00)","(US$6,895.00)","(US$6,895.00)",Foreign Large Cap Equities,27/11/2018,0.39%,N/A,US$0.06 ,28/12/2018,US$0.07 ,0.26%,11.83,0,56,19.66%,39%,20%,1099,US$24.41 ,US$26.03 ,US$25.69 ,US$25.69 ,54.36,N/A,N/A,N/A,N/A,N/A,N/A,N/A,6.3,44.82%,75.97%,496.17,6.76%,5.23%
SCIX,Global X Scientific Beta Asia ex-Japan ETF,Equity,"US$2,374,654.00 ",8.03%,"1,378",US$23.69 ,-0.34%,No,No,0.57%,6.35%,-7.00%,37.96%,N/A,"(US$1,030,334.00)",US$0.00 ,"US$1,143,205.00 ","(US$888,393.00)","US$288,544.00 ","US$288,544.00 ",Hedge Fund,12/5/2015,0.38%,N/A,US$1.10 ,28/12/2018,US$1.10 ,4.62%,14.81,0.78,115,19.91%,35%,15%,1099,US$22.29 ,US$23.97 ,US$23.67 ,US$23.72 ,64.24,N/A,N/A,A,N/A,N/A,N/A,N/A,6.37,91.61%,78.19%,396.94,10.89%,10.96%
FKO,First Trust South Korea AlphaDEX Fund,Equity,"US$2,352,626.00 ",6.43%,"2,495",US$24.00 ,3.23%,No,No,4.80%,6.43%,-20.28%,15.92%,-0.09%,US$0.00 ,US$0.00 ,US$0.00 ,US$0.00 ,"(US$190,898.50)","(US$1,437,845.85)",Asia Pacific Equities,25/4/2011,0.80%,N/A,US$0.70 ,18/12/2018,US$0.35 ,2.92%,10.08,0.95,53,32.76%,35%,15%,1099,US$21.72 ,US$23.58 ,US$24.00 ,US$24.00 ,59.56,B,C+,C,A+,C,A+,B,4.1,6.00%,9.84%,299.54,3.65%,5.08%
PBDM,Invesco PureBetaSM FTSE Developed ex-North America ETF,Equity,"US$2,295,836.00 ",7.92%,227,US$23.02 ,-0.30%,No,No,0.88%,5.19%,-14.29%,N/A,N/A,US$0.00 ,US$0.00 ,US$0.00 ,US$0.00 ,US$0.00 ,US$0.00 ,Foreign Large Cap Equities,22/9/2017,0.07%,N/A,US$0.58 ,26/12/2018,US$0.02 ,2.55%,14.31,0.73,1485,11.39%,39%,20%,1099,US$21.92 ,US$23.18 ,US$22.99 ,US$23.07 ,57.31,N/A,N/A,N/A,N/A,N/A,N/A,N/A,6.44,57.64%,80.08%,163.23,11.59%,6.67%
ISDS,Invesco Developed ex-US Small Company ETF,Equity,"US$2,283,600.00 ",7.13%,557,US$22.55 ,2.27%,No,No,2.27%,8.83%,N/A,N/A,N/A,US$0.00 ,US$0.00 ,US$0.00 ,US$0.00 ,US$0.00 ,US$0.00 ,Foreign Small & Mid Cap Equities,12/9/2018,0.35%,N/A,US$0.15 ,24/12/2018,US$0.15 ,0.67%,18.32,0,1260,3.21%,39%,20%,1099,US$19.99 ,US$25.40 ,US$22.55 ,US$22.55 ,38.79,N/A,N/A,N/A,N/A,N/A,N/A,N/A,5.37,41.28%,44.04%,139.68,4.99%,3.49%
FAUS,First Trust Australia AlphaDEX Fund,Equity,"US$1,511,627.00 ",10.10%,234,US$30.31 ,0.03%,No,No,2.12%,8.17%,-8.67%,31.27%,32.38%,US$0.00 ,US$0.00 ,US$0.00 ,"(US$14,937.50)","(US$1,500,941.00)","(US$207,505.50)",Asia Pacific Equities,14/2/2012,0.80%,N/A,US$1.00 ,18/12/2018,US$0.11 ,3.30%,12.73,1.1,41,39.72%,35%,15%,1099,US$28.17 ,US$30.52 ,N/A,N/A,60.31,C+,B,C,C+,C,A,B-,7.01,97.76%,92.61%,527.44,6.96%,8.80%
HAUD,iShares Currency Hedged MSCI Australia ETF,Equity,"US$1,151,315.00 ",4.07%,742,US$22.90 ,0.04%,No,No,-0.61%,2.97%,1.60%,30.53%,N/A,US$0.00 ,US$0.00 ,US$0.00 ,US$0.00 ,"(US$2,932,816.50)","(US$1,847,816.50)",Asia Pacific Equities,29/6/2015,0.50%,N/A,US$1.35 ,28/12/2018,US$0.81 ,5.87%,16.66,0.75,2,100.00%,35%,15%,1099,US$22.31 ,US$23.21 ,US$22.80 ,US$22.98 ,56.87,N/A,N/A,B,N/A,N/A,N/A,N/A,N/A,N/A,N/A,N/A,N/A,N/A
